<?xml version="1.0" encoding="UTF-8"?>
<project-private xmlns="http://www.netbeans.org/ns/project-private/1">
    <editor-bookmarks xmlns="http://www.netbeans.org/ns/editor-bookmarks/2" lastBookmarkId="0"/>
    <open-files xmlns="http://www.netbeans.org/ns/projectui-open-files/2">
        <group>
            <file>file:/C:/Users/Eduardo%20Figueiredo/OneDrive/4%20Semestre/Programação%20Orientada%20a%20Objeto%20II/Trabalho/Nah%20(Vai%20juntar%20com%20o%20da%20Jaque)/POO2-Projeto/AcidenteTrabalho/src/dados/Tabnetdatasus.java</file>
            <file>file:/C:/Users/Eduardo%20Figueiredo/OneDrive/4%20Semestre/Programação%20Orientada%20a%20Objeto%20II/Trabalho/Nah%20(Vai%20juntar%20com%20o%20da%20Jaque)/POO2-Projeto/AcidenteTrabalho/src/SAAT/Modelo.java</file>
        </group>
    </open-files>
</project-private>
