Município;1996;1997;1998;1999;2000;2001;2002;2003;2004;2005;2006;2007;2008;2009;2010;2011;2012;2013;2014;Total
350010 Adamantina;14;20;13;16;19;22;15;18;12;21;17;11;15;19;16;19;26;18;21;332
350020 Adolfo;-;1;-;3;2;4;-;1;3;3;-;3;5;3;2;3;1;2;-;36
350030 Aguaí;22;22;23;28;13;36;18;19;20;20;11;29;16;19;21;25;31;19;28;420
350040 Águas da Prata;5;10;1;3;5;2;4;9;8;2;7;6;4;4;6;8;4;2;6;96
350050 Águas de Lindóia;7;12;9;6;11;12;11;9;6;6;13;7;12;9;13;4;8;20;5;180
350055 Águas de Santa Bárbara;6;5;2;5;-;1;4;4;5;3;2;3;5;4;2;2;3;2;2;60
350060 Águas de São Pedro;2;-;5;-;1;-;3;-;-;1;4;1;-;3;-;1;2;1;1;25
350070 Agudos;16;14;22;17;19;18;31;24;25;26;15;7;15;15;18;15;30;11;19;357
350075 Alambari;1;1;5;4;4;5;6;3;4;3;2;3;3;3;3;2;4;4;4;64
350080 Alfredo Marcondes;3;3;4;1;2;4;4;3;2;1;-;-;4;3;3;3;-;4;2;46
350090 Altair;1;2;1;2;2;-;-;8;4;2;1;1;3;4;2;3;-;3;3;42
350100 Altinópolis;7;13;9;7;10;4;9;9;14;8;7;4;6;6;11;11;14;10;17;176
350110 Alto Alegre;3;1;3;1;2;1;3;1;1;2;-;1;2;3;2;1;2;1;2;32
350115 Alumínio;3;8;12;12;7;8;7;8;9;8;8;13;8;11;8;7;4;8;11;160
350120 Álvares Florence;4;1;3;4;-;-;2;1;4;1;2;2;2;2;4;3;2;2;2;41
350130 Álvares Machado;16;12;5;10;24;10;17;18;16;12;10;9;9;14;9;23;19;9;20;262
350140 Álvaro de Carvalho;2;4;-;2;-;7;4;-;1;2;1;2;5;3;5;1;5;2;2;48
350150 Alvinlândia;1;2;1;-;1;2;1;-;2;-;1;3;1;2;3;-;2;1;1;24
350160 Americana;106;106;113;122;121;95;84;105;108;100;104;102;103;93;113;101;89;94;113;1972
350170 Américo Brasiliense;12;11;11;16;10;10;16;14;17;21;12;22;9;21;26;13;21;20;19;301
350180 Américo de Campos;7;1;1;3;4;4;2;3;2;-;4;5;9;2;2;7;5;6;2;69
350190 Amparo;38;32;41;49;47;45;34;37;44;47;39;50;45;37;40;38;41;36;31;771
350200 Analândia;2;-;2;1;-;2;3;2;4;1;-;2;3;1;3;1;2;1;2;32
350210 Andradina;36;50;41;32;31;43;35;32;27;40;34;22;40;38;47;46;37;35;42;708
350220 Angatuba;15;16;11;13;14;5;12;14;14;9;10;22;5;15;13;15;14;11;7;235
350230 Anhembi;3;6;2;1;-;2;4;4;3;4;2;1;7;7;4;1;6;5;4;66
350240 Anhumas;1;2;2;1;3;1;2;-;1;1;2;1;1;1;4;-;1;2;2;28
350250 Aparecida;23;42;21;13;23;21;17;22;30;20;21;15;16;23;18;26;24;19;12;406
350260 Aparecida d'Oeste;5;-;6;2;3;1;5;-;2;1;-;-;1;3;2;2;3;1;2;39
350270 Apiaí;15;15;16;7;17;8;12;17;17;11;11;8;6;17;11;8;8;19;8;231
350275 Araçariguama;19;17;10;26;18;12;16;13;9;16;14;12;11;16;11;12;23;23;11;289
350280 Araçatuba;112;126;128;132;115;137;110;128;123;142;131;101;113;119;133;107;101;111;139;2308
350290 Araçoiaba da Serra;16;11;16;13;19;20;21;13;12;24;22;24;24;20;23;22;18;17;20;355
350300 Aramina;2;3;3;3;2;1;5;5;2;6;-;2;-;3;3;1;-;4;2;47
350310 Arandu;2;-;-;5;2;2;5;2;2;4;3;2;1;2;2;2;1;6;2;45
350315 Arapeí;2;-;1;-;3;1;1;3;4;1;-;2;-;-;-;-;-;2;3;23
350320 Araraquara;120;100;119;122;123;123;154;115;102;107;111;104;124;116;118;102;123;118;88;2189
350330 Araras;66;52;66;63;81;73;80;69;73;78;64;55;62;70;75;73;63;57;57;1277
350335 Arco-Íris;-;1;-;1;-;-;2;1;6;2;-;-;4;-;1;4;1;-;1;24
350340 Arealva;2;2;4;2;3;3;2;4;6;2;4;3;3;3;5;5;5;4;8;70
350350 Areias;1;2;1;2;1;2;3;1;1;5;1;1;2;2;1;2;5;1;4;38
350360 Areiópolis;7;8;6;8;6;1;5;2;2;9;3;4;8;7;6;4;5;5;6;102
350370 Ariranha;2;4;4;4;6;6;3;4;4;3;5;9;8;8;6;2;6;4;1;89
350380 Artur Nogueira;27;13;13;26;20;26;20;27;31;20;15;22;28;25;24;17;24;19;20;417
350390 Arujá;58;59;65;67;67;68;46;53;58;48;50;50;51;49;48;54;54;38;45;1028
350395 Aspásia;-;2;2;-;1;2;1;1;2;4;1;-;-;3;-;2;-;2;1;24
350400 Assis;79;52;69;65;66;47;65;46;51;69;49;31;55;51;38;45;35;48;58;1019
350410 Atibaia;81;82;81;87;106;89;104;101;101;84;92;94;117;101;108;104;108;87;98;1825
350420 Auriflama;12;8;5;3;5;7;5;8;10;8;4;9;7;7;2;8;13;11;12;144
350430 Avaí;5;6;6;2;9;1;1;4;1;3;5;1;2;2;1;6;3;2;4;64
350440 Avanhandava;5;5;2;4;1;7;9;4;1;4;3;3;3;8;8;14;6;7;-;94
350450 Avaré;42;49;52;46;42;57;69;66;60;56;55;47;44;53;46;48;52;47;49;980
350460 Bady Bassitt;4;7;4;5;4;12;6;5;11;9;9;11;7;12;8;13;13;7;11;158
350470 Balbinos;-;-;-;-;-;1;-;-;-;-;3;1;4;3;3;2;1;3;-;21
350480 Bálsamo;4;4;3;5;6;10;5;-;2;8;9;4;5;6;7;8;5;4;6;101
350490 Bananal;6;5;4;4;7;4;5;4;5;5;2;3;2;4;6;1;1;5;2;75
350500 Barão de Antonina;1;1;1;1;2;4;3;1;1;5;2;-;1;1;-;1;1;4;4;34
350510 Barbosa;4;-;6;1;3;2;6;3;4;4;4;5;4;1;1;1;4;-;7;60
350520 Bariri;18;19;14;23;14;18;11;8;20;18;15;10;13;16;15;14;17;14;14;291
350530 Barra Bonita;20;18;20;15;16;21;17;19;18;9;23;12;24;21;23;26;21;20;13;356
350535 Barra do Chapéu;1;1;1;3;1;2;3;3;2;2;4;4;1;6;1;1;3;-;3;42
350540 Barra do Turvo;20;9;18;7;9;17;15;14;14;14;8;13;6;10;13;12;11;14;8;232
350550 Barretos;74;60;58;80;57;77;53;70;78;71;71;68;84;55;65;77;56;84;71;1309
350560 Barrinha;23;26;19;19;16;19;29;24;20;13;10;14;17;16;18;11;14;20;21;349
350570 Barueri;220;213;232;290;243;267;244;242;183;191;159;163;132;151;163;137;175;139;168;3712
350580 Bastos;14;15;12;8;15;17;5;8;6;9;12;11;12;11;8;12;20;8;18;221
350590 Batatais;30;25;29;28;28;26;39;24;33;34;24;15;23;34;35;27;37;20;18;529
350600 Bauru;186;193;194;221;199;192;227;218;211;195;189;161;182;167;199;189;182;194;193;3692
350610 Bebedouro;49;58;47;41;63;38;48;31;48;43;33;44;43;36;55;38;49;45;44;853
350620 Bento de Abreu;1;3;1;-;1;3;2;2;-;1;3;1;1;-;1;-;1;-;1;22
350630 Bernardino de Campos;7;17;6;7;13;17;9;4;13;4;6;4;11;9;3;9;8;5;8;160
350635 Bertioga;52;31;33;36;33;41;45;32;44;37;38;37;38;32;30;31;32;39;36;697
350640 Bilac;3;2;2;4;2;2;4;3;5;3;3;5;1;6;7;8;7;3;3;73
350650 Birigui;63;56;60;59;67;66;67;55;68;71;66;43;54;58;42;42;56;45;53;1091
350660 Biritiba-Mirim;14;12;21;15;12;15;17;15;20;14;14;8;11;20;22;9;25;14;22;300
350670 Boa Esperança do Sul;9;8;5;11;5;6;9;7;7;9;6;8;7;9;6;4;7;3;7;133
350680 Bocaina;7;3;7;3;5;10;6;7;4;5;5;7;11;8;12;7;6;12;3;128
350690 Bofete;3;11;13;5;8;5;1;5;9;15;7;8;6;3;8;6;7;7;10;137
350700 Boituva;24;17;13;24;15;22;27;27;18;22;36;21;23;20;19;26;45;23;31;453
350710 Bom Jesus dos Perdões;12;15;7;12;11;11;13;14;17;15;9;22;13;14;19;16;17;10;14;261
350715 Bom Sucesso de Itararé;1;-;1;1;1;3;1;2;1;3;5;1;2;2;3;4;3;-;2;36
350720 Borá;-;1;1;-;1;1;-;-;1;-;1;1;-;-;-;-;1;-;1;9
350730 Boracéia;3;-;1;-;-;3;1;3;1;-;1;3;-;-;4;1;1;2;7;31
350740 Borborema;8;15;10;7;7;11;3;10;8;4;10;16;7;7;5;8;7;6;31;180
350745 Borebi;-;-;1;-;-;-;1;-;-;2;-;2;1;2;-;-;4;-;1;14
350750 Botucatu;83;85;56;74;80;68;94;68;81;66;82;67;72;77;62;88;82;72;65;1422
350760 Bragança Paulista;85;101;64;59;69;83;74;93;79;105;84;95;86;79;91;87;93;78;90;1595
350770 Braúna;2;3;3;2;4;1;1;1;3;7;2;1;1;2;2;4;2;2;8;51
350775 Brejo Alegre;-;3;-;3;1;1;1;4;2;1;2;3;4;-;1;4;2;1;2;35
350780 Brodowski;12;15;15;10;11;8;12;11;12;7;12;7;7;5;24;7;12;6;12;205
350790 Brotas;10;13;4;22;5;12;15;9;9;14;10;10;8;12;11;10;13;12;12;211
350800 Buri;7;14;12;4;10;17;16;6;7;9;19;10;13;12;13;15;15;15;11;225
350810 Buritama;4;6;8;10;8;12;9;6;11;5;11;8;11;9;5;11;14;6;12;166
350820 Buritizal;1;5;2;3;1;-;1;3;2;2;2;3;1;4;3;1;2;-;4;40
350830 Cabrália Paulista;2;4;5;4;5;1;2;4;2;1;2;3;1;3;3;2;4;5;4;57
350840 Cabreúva;16;24;23;34;26;24;35;30;24;28;20;15;29;13;16;26;23;25;24;455
350850 Caçapava;49;56;60;47;47;60;48;80;62;49;47;51;42;43;36;54;45;28;27;931
350860 Cachoeira Paulista;25;18;20;15;9;11;15;15;13;16;12;7;18;17;22;15;17;17;24;306
350870 Caconde;13;16;11;15;11;9;17;11;10;8;10;10;4;8;5;12;19;7;10;206
350880 Cafelândia;8;8;12;13;6;8;8;7;18;6;10;8;10;10;16;13;16;15;6;198
350890 Caiabu;1;6;2;3;4;2;2;2;2;5;2;-;1;2;1;2;3;1;2;43
350900 Caieiras;54;64;44;65;42;53;44;42;65;39;47;37;40;41;48;40;38;43;40;886
350910 Caiuá;-;1;3;2;1;-;1;2;2;2;5;1;3;1;3;3;3;2;-;35
350920 Cajamar;43;42;53;59;45;46;44;61;45;46;43;34;33;37;38;41;53;35;47;845
350925 Cajati;28;29;25;25;19;21;22;19;21;29;21;14;16;18;22;16;18;20;20;403
350930 Cajobi;8;6;6;5;6;3;5;2;5;7;3;2;1;4;3;10;3;6;4;89
350940 Cajuru;18;14;9;10;12;24;19;13;16;12;11;18;10;10;10;17;7;17;13;260
350945 Campina do Monte Alegre;1;2;1;4;3;6;3;2;3;4;-;1;3;1;2;1;3;1;8;49
350950 Campinas;886;975;1020;1068;983;991;1004;930;830;608;578;624;623;613;632;651;634;630;619;14899
350960 Campo Limpo Paulista;41;43;51;47;39;57;69;47;63;51;55;34;45;42;44;41;51;56;42;918
350970 Campos do Jordão;34;38;31;34;36;26;33;43;34;36;45;29;25;28;31;26;25;26;23;603
350980 Campos Novos Paulista;5;4;1;1;2;5;2;3;7;6;1;3;3;4;2;-;4;4;5;62
350990 Cananéia;14;9;6;9;4;7;8;10;7;11;8;4;6;5;8;3;5;4;10;138
350995 Canas;-;3;4;4;1;-;2;4;9;3;-;1;3;3;1;3;7;5;1;54
351000 Cândido Mota;16;16;17;17;12;11;16;16;21;23;11;9;11;16;18;15;8;22;10;285
351010 Cândido Rodrigues;2;1;-;1;1;-;2;1;2;-;-;1;1;-;1;2;2;1;-;18
351015 Canitar;3;1;1;4;2;4;3;1;1;3;2;1;-;3;2;3;1;2;3;40
351020 Capão Bonito;50;44;29;45;46;35;26;40;36;36;32;28;24;22;30;16;37;25;30;631
351030 Capela do Alto;6;10;14;18;14;11;9;11;7;12;9;6;11;11;10;17;5;13;10;204
351040 Capivari;23;29;19;19;15;31;35;20;34;38;26;17;28;26;22;39;29;32;24;506
351050 Caraguatatuba;81;84;83;89;95;102;102;107;113;110;96;79;92;89;77;105;77;88;77;1746
351060 Carapicuíba;313;289;303;318;286;337;334;303;248;242;233;191;197;209;189;164;174;179;210;4719
351070 Cardoso;9;7;10;15;10;2;15;5;10;4;7;6;11;4;9;4;10;7;11;156
351080 Casa Branca;18;26;29;20;17;24;22;19;23;20;26;12;13;16;17;16;14;23;18;373
351090 Cássia dos Coqueiros;1;1;1;2;-;3;1;1;2;-;-;5;1;3;1;-;-;2;1;25
351100 Castilho;5;6;16;13;4;4;11;11;14;14;10;12;8;7;11;8;15;22;16;207
351110 Catanduva;68;81;63;59;73;66;60;64;76;98;97;103;80;76;85;84;82;85;68;1468
351120 Catiguá;2;3;2;4;1;2;3;1;7;5;1;6;3;4;4;4;5;6;8;71
351130 Cedral;9;4;3;6;3;4;4;3;5;7;4;3;6;5;8;10;3;5;6;98
351140 Cerqueira César;10;4;6;5;7;6;6;6;7;12;8;4;5;8;9;10;6;10;10;139
351150 Cerquilho;23;26;13;26;13;17;7;28;29;25;26;22;24;19;35;21;16;21;21;412
351160 Cesário Lange;4;11;7;6;7;6;6;8;8;6;9;9;9;10;11;9;8;4;10;148
351170 Charqueada;5;2;8;9;7;7;10;11;3;8;16;4;9;7;8;7;8;5;12;146
355720 Chavantes;5;6;5;6;5;8;10;6;7;8;6;8;3;1;8;3;2;5;7;109
351190 Clementina;4;3;2;1;4;4;6;9;4;3;4;2;4;1;1;1;6;2;2;63
351200 Colina;4;7;11;11;15;14;12;6;12;17;15;8;10;4;10;4;9;9;11;189
351210 Colômbia;1;5;5;6;1;7;3;3;5;3;4;1;5;6;7;8;3;7;3;83
351220 Conchal;27;20;24;15;11;22;12;14;22;24;19;5;18;13;9;18;21;17;14;325
351230 Conchas;5;13;12;9;13;15;7;7;13;11;11;15;9;11;10;10;11;13;15;210
351240 Cordeirópolis;12;11;19;10;13;12;11;15;17;7;13;14;13;7;12;14;6;11;10;227
351250 Coroados;1;2;3;2;-;4;1;3;3;5;1;-;2;1;3;1;1;3;4;40
351260 Coronel Macedo;3;3;3;2;1;2;6;3;4;2;-;6;3;1;2;2;5;4;5;57
351270 Corumbataí;2;1;1;2;3;2;2;-;3;6;3;4;6;4;2;2;2;2;2;49
351280 Cosmópolis;18;29;38;35;36;41;35;29;39;35;26;32;36;32;30;22;18;27;43;601
351290 Cosmorama;2;7;8;4;9;6;2;7;8;9;4;6;9;2;5;8;3;6;4;109
351300 Cotia;139;146;174;167;192;212;201;163;143;148;118;129;106;106;122;107;95;116;121;2705
351310 Cravinhos;22;14;18;17;15;19;20;17;9;18;22;23;8;22;14;19;21;9;31;338
351320 Cristais Paulista;4;2;2;10;7;1;7;2;9;7;6;5;6;4;6;7;6;2;6;99
351330 Cruzália;1;2;3;-;-;1;1;1;2;1;1;-;1;1;2;3;1;2;3;26
351340 Cruzeiro;44;39;38;43;36;44;39;51;43;40;39;31;37;37;30;35;33;30;30;719
351350 Cubatão;128;135;118;143;140;132;155;147;134;99;99;98;84;106;72;72;72;90;66;2090
351360 Cunha;20;11;19;13;13;12;18;18;10;13;9;1;9;19;16;15;12;11;15;254
351370 Descalvado;10;14;17;17;12;9;12;16;14;19;23;17;15;12;24;17;12;23;23;306
351380 Diadema;652;683;665;682;554;496;536;466;401;417;283;271;316;263;310;249;241;290;263;8038
351385 Dirce Reis;-;1;2;1;-;1;-;2;-;1;-;-;-;-;1;1;2;-;2;14
351390 Divinolândia;10;1;6;5;8;5;9;5;5;12;3;3;7;9;3;6;11;9;10;127
351400 Dobrada;3;3;2;2;6;4;5;6;4;3;6;6;5;2;4;4;3;4;3;75
351410 Dois Córregos;9;19;13;16;11;9;13;14;19;21;16;12;14;16;24;16;34;19;24;319
351420 Dolcinópolis;2;-;1;1;1;2;2;1;-;-;1;1;-;-;1;-;1;1;-;15
351430 Dourado;6;2;1;3;3;3;4;4;2;1;1;4;8;5;8;7;2;12;8;84
351440 Dracena;29;23;23;35;21;23;20;26;28;18;25;14;21;27;22;27;37;20;19;458
351450 Duartina;5;11;6;5;7;2;11;4;6;8;6;6;3;7;2;4;7;12;3;115
351460 Dumont;-;3;2;5;1;3;2;4;3;5;3;3;4;2;6;8;5;4;6;69
351470 Echaporã;5;3;2;6;3;6;9;1;2;2;3;4;5;7;5;3;3;3;2;74
351480 Eldorado;8;26;7;8;10;13;16;17;11;9;6;2;11;10;6;14;13;13;17;217
351490 Elias Fausto;11;10;5;9;9;8;8;20;11;6;5;4;6;10;9;9;10;11;7;168
351492 Elisiário;1;5;1;1;-;4;1;-;-;5;1;4;2;1;3;1;4;3;3;40
351495 Embaúba;2;2;-;5;-;-;1;1;2;-;1;2;4;-;3;-;4;5;1;33
351500 Embu das Artes;298;317;315;314;312;356;329;254;249;230;193;148;152;150;178;169;163;150;170;4447
351510 Embu-Guaçu;67;54;68;101;71;82;90;76;72;75;56;46;59;54;28;45;59;47;49;1199
351512 Emilianópolis;4;-;-;-;1;1;3;-;-;2;-;-;-;1;-;-;1;1;-;14
351515 Engenheiro Coelho;4;9;9;2;8;6;13;10;6;12;8;5;9;10;8;13;8;13;13;166
351518 Espírito Santo do Pinhal;32;34;27;28;21;19;18;19;31;19;20;19;21;19;25;19;15;16;17;419
351519 Espírito Santo do Turvo;3;8;3;5;3;1;2;2;3;4;2;3;1;2;3;1;2;3;4;55
355730 Estiva Gerbi;4;2;3;4;4;5;4;1;3;1;4;2;10;5;9;4;3;8;6;82
351520 Estrela d'Oeste;2;5;2;5;2;7;4;6;8;3;2;3;4;9;4;5;3;8;4;86
351530 Estrela do Norte;1;2;2;-;1;-;3;-;-;-;2;1;2;1;3;1;2;-;1;22
351535 Euclides da Cunha Paulista;9;7;5;6;13;4;10;7;3;4;3;6;9;9;5;3;9;8;3;123
351540 Fartura;8;15;13;6;11;11;12;9;12;6;3;6;7;11;9;13;8;5;8;173
351560 Fernando Prestes;2;5;2;2;1;3;-;5;2;1;2;2;6;5;6;4;6;3;2;59
351550 Fernandópolis;37;45;41;44;44;34;45;45;25;32;25;17;35;49;37;39;32;41;36;703
351565 Fernão;-;1;-;2;1;-;-;-;-;1;-;-;3;1;-;2;-;2;1;14
351570 Ferraz de Vasconcelos;117;116;119;143;138;136;143;157;129;112;100;56;79;75;78;69;100;86;76;2029
351580 Flora Rica;2;-;1;1;3;1;-;2;1;1;-;2;1;-;1;3;-;2;-;21
351590 Floreal;4;3;2;3;2;-;2;4;3;4;2;1;-;-;1;3;3;1;-;38
351600 Flórida Paulista;2;5;4;6;5;12;6;6;3;4;7;5;4;5;7;6;13;6;11;117
351610 Florínia;8;2;2;2;-;1;2;-;1;1;-;1;1;3;1;2;-;4;-;31
351620 Franca;175;165;137;122;141;168;169;158;184;186;152;157;153;134;160;165;163;134;155;2978
351630 Francisco Morato;110;129;144;165;133;139;127;135;120;128;110;81;78;80;63;88;88;76;92;2086
351640 Franco da Rocha;134;91;128;107;108;82;108;127;115;100;95;87;80;90;76;91;92;76;76;1863
351650 Gabriel Monteiro;2;3;2;-;2;-;-;7;1;2;4;-;-;2;1;1;7;1;1;36
351660 Gália;4;12;2;9;6;4;6;-;2;5;4;5;1;8;6;1;2;3;7;87
351670 Garça;25;32;39;26;38;21;26;26;27;26;16;19;25;19;27;15;26;20;20;473
351680 Gastão Vidigal;1;3;1;3;2;1;5;2;4;1;6;3;3;6;2;-;2;2;-;47
351685 Gavião Peixoto;-;2;4;5;2;2;1;4;3;2;2;2;3;4;-;2;2;-;1;41
351690 General Salgado;7;4;12;6;6;3;8;6;7;4;6;3;2;4;12;7;9;9;13;128
351700 Getulina;10;7;6;5;3;3;3;5;4;7;5;7;13;2;4;8;2;2;8;104
351710 Glicério;2;3;1;2;-;2;3;2;2;1;3;1;-;1;3;3;5;4;6;44
351720 Guaiçara;9;7;3;4;5;10;4;7;6;8;4;8;7;8;12;4;6;6;10;128
351730 Guaimbê;3;2;1;4;4;3;3;4;1;3;5;4;6;5;2;4;5;4;12;75
351740 Guaíra;21;29;20;25;17;26;27;25;24;26;23;19;28;21;20;18;31;25;25;450
351750 Guapiaçu;9;9;6;10;4;9;11;10;7;5;6;12;8;5;4;13;16;17;6;167
351760 Guapiara;11;23;20;17;14;13;13;9;15;8;4;22;15;14;17;17;14;20;16;282
351770 Guará;14;14;10;7;12;8;15;19;13;10;9;7;12;10;11;10;11;10;11;213
351780 Guaraçaí;6;2;5;5;4;2;5;3;1;4;2;5;5;6;4;5;2;2;5;73
351790 Guaraci;6;7;5;4;6;6;3;5;9;2;6;5;9;4;6;5;6;6;6;106
351800 Guarani d'Oeste;6;-;-;1;-;-;-;4;1;2;-;3;1;2;1;2;1;-;-;24
351810 Guarantã;3;3;7;2;1;7;2;5;5;4;3;6;6;6;5;3;3;5;5;81
351820 Guararapes;24;10;16;9;9;8;9;19;24;20;13;10;16;17;22;16;20;17;18;297
351830 Guararema;23;29;20;32;16;22;24;27;18;17;19;6;18;27;15;10;18;18;19;378
351840 Guaratinguetá;77;73;70;65;52;64;54;61;66;62;54;59;59;68;77;64;84;58;74;1241
351850 Guareí;8;6;10;10;7;4;5;6;4;10;11;8;7;12;5;7;6;5;4;135
351860 Guariba;19;26;21;22;23;20;24;16;29;18;21;10;19;16;21;30;26;24;23;408
351870 Guarujá;296;335;372;385;349;302;343;288;224;206;215;182;199;164;187;179;184;183;190;4783
351880 Guarulhos;1076;1109;1191;1253;1279;1241;1266;1108;910;914;942;861;841;741;767;812;827;737;859;18734
351885 Guatapará;4;6;1;6;2;11;1;6;5;3;3;3;2;8;10;5;4;5;5;90
351890 Guzolândia;4;4;2;4;2;1;3;4;2;-;3;1;8;4;4;6;4;-;3;59
351900 Herculândia;5;1;1;3;9;6;4;9;4;4;4;5;7;5;6;6;4;2;8;93
351905 Holambra;6;3;1;6;3;7;4;3;4;5;4;1;3;9;9;8;7;9;5;97
351907 Hortolândia;124;101;134;156;160;167;158;172;169;151;125;103;107;118;100;97;118;108;125;2493
351910 Iacanga;3;8;5;1;5;5;6;4;2;3;6;1;10;8;4;3;5;9;12;100
351920 Iacri;2;4;4;-;4;4;2;2;1;6;6;3;6;4;3;5;3;4;6;69
351925 Iaras;1;4;5;2;2;2;4;4;7;6;1;2;-;5;1;1;2;1;6;56
351930 Ibaté;17;20;7;22;18;18;13;19;17;15;22;17;23;21;23;18;21;25;19;355
351940 Ibirá;4;6;3;3;4;2;5;5;9;5;3;3;4;8;6;11;1;3;9;94
351950 Ibirarema;8;5;3;4;3;4;7;3;2;1;2;1;5;3;2;1;1;2;4;61
351960 Ibitinga;24;20;27;28;16;29;28;18;26;25;19;17;30;18;25;21;30;34;35;470
351970 Ibiúna;63;66;62;59;67;64;62;73;76;78;76;65;74;67;81;65;60;68;61;1287
351980 Icém;2;9;4;3;3;6;10;3;3;2;5;10;4;3;8;7;5;8;7;102
351990 Iepê;4;5;3;3;6;4;1;2;2;2;3;3;5;1;2;3;3;6;6;64
352000 Igaraçu do Tietê;13;16;13;15;10;13;17;15;21;17;9;11;14;15;17;20;16;16;19;287
352010 Igarapava;14;14;29;17;11;8;12;7;11;18;17;6;12;22;16;12;9;12;11;258
352020 Igaratá;5;11;14;7;5;8;7;12;11;6;9;2;4;7;5;10;7;6;6;142
352030 Iguape;23;23;21;27;20;22;26;28;18;32;20;8;16;23;19;14;24;17;15;396
352042 Ilha Comprida;2;8;3;7;5;5;10;4;8;8;8;8;3;4;7;10;11;9;11;131
352044 Ilha Solteira;15;10;11;6;8;9;10;9;4;9;10;11;9;15;13;17;12;19;19;216
352040 Ilhabela;15;13;13;16;11;11;21;19;17;18;19;12;18;16;8;18;18;21;18;302
352050 Indaiatuba;80;87;83;106;95;107;89;113;94;116;79;109;108;90;100;99;76;93;93;1817
352060 Indiana;4;1;5;5;1;7;3;4;3;5;3;2;3;3;1;3;4;3;3;63
352070 Indiaporã;4;-;3;3;4;1;2;2;3;2;5;-;2;1;2;3;-;1;5;43
352080 Inúbia Paulista;1;1;1;-;2;1;3;1;3;2;1;1;1;2;6;1;4;-;-;31
352090 Ipaussu;9;11;7;16;8;11;17;5;6;9;6;7;9;14;6;7;11;6;11;176
352100 Iperó;13;13;16;15;15;13;6;13;18;20;13;20;13;12;20;23;14;14;21;292
352110 Ipeúna;3;3;4;4;6;1;3;2;5;5;7;2;6;3;7;4;1;2;2;70
352115 Ipiguá;-;2;-;2;6;1;5;2;2;2;4;4;2;7;2;5;4;3;4;57
352120 Iporanga;3;2;3;2;8;3;2;2;2;3;1;3;1;5;1;1;3;3;3;51
352130 Ipuã;8;6;3;7;11;3;4;9;8;5;9;6;5;8;7;6;5;4;5;119
352140 Iracemápolis;6;7;7;7;7;12;11;7;9;9;9;11;9;8;9;3;9;7;9;156
352150 Irapuã;2;1;5;4;7;4;6;5;2;3;1;1;3;4;5;6;8;3;5;75
352160 Irapuru;2;7;3;7;3;7;6;5;3;5;4;6;3;5;4;5;1;4;3;83
352170 Itaberá;9;13;13;15;11;14;12;7;12;11;9;9;9;8;11;24;9;11;8;215
352180 Itaí;11;11;16;8;14;19;23;19;13;11;14;21;16;19;13;21;10;15;24;298
352190 Itajobi;7;10;7;8;14;6;10;12;6;6;2;6;5;9;7;12;15;13;11;166
352200 Itaju;1;1;3;5;-;1;-;1;-;2;1;2;2;3;2;2;-;1;3;30
352210 Itanhaém;89;90;72;89;70;84;92;78;78;70;73;54;74;55;79;66;74;78;68;1433
352215 Itaóca;1;1;4;-;3;1;-;-;-;1;3;3;1;3;1;2;-;1;23;48
352220 Itapecerica da Serra;212;203;217;232;178;248;213;197;182;143;123;98;111;127;96;102;99;115;87;2983
352230 Itapetininga;84;96;73;88;105;79;106;90;108;89;79;90;83;80;85;87;90;95;102;1709
352240 Itapeva;59;45;44;54;53;41;45;66;51;39;32;42;70;47;65;49;41;37;47;927
352250 Itapevi;164;176;176;217;188;198;171;174;140;144;142;122;102;104;128;106;129;131;132;2844
352260 Itapira;57;55;49;61;69;43;57;63;43;52;39;48;35;35;34;36;38;47;47;908
352265 Itapirapuã Paulista;2;1;4;2;3;3;1;2;1;4;3;2;1;2;2;1;4;-;-;38
352270 Itápolis;14;20;23;17;28;26;23;25;28;20;22;20;17;30;30;26;25;36;29;459
352280 Itaporanga;9;9;8;16;7;15;7;15;13;21;7;6;8;6;8;13;9;6;7;190
352290 Itapuí;1;6;10;4;3;6;7;3;9;7;6;7;9;6;7;12;6;6;6;121
352300 Itapura;7;5;3;5;3;-;4;4;4;1;2;1;1;4;-;4;2;6;3;59
352310 Itaquaquecetuba;313;316;319;369;360;353;356;307;282;232;221;163;185;201;184;209;181;199;216;4966
352320 Itararé;26;32;26;27;35;31;37;35;31;33;43;35;33;23;19;23;25;26;20;560
352330 Itariri;20;20;13;12;13;16;10;17;12;25;9;9;7;9;7;11;14;8;11;243
352340 Itatiba;51;48;65;40;52;52;79;64;62;62;64;57;57;46;55;56;48;45;57;1060
352350 Itatinga;11;10;13;8;9;12;14;10;10;12;6;6;13;9;8;11;11;8;11;192
352360 Itirapina;11;10;13;9;9;15;8;9;12;12;5;9;10;11;6;13;9;8;14;193
352370 Itirapuã;1;2;3;2;2;-;-;-;4;12;4;2;3;4;1;1;4;1;4;50
352380 Itobi;5;2;4;2;3;2;7;4;4;5;1;5;1;7;3;3;5;1;5;69
352390 Itu;94;102;93;122;92;112;111;101;103;93;99;95;96;82;83;114;93;77;90;1852
352400 Itupeva;6;17;14;18;19;17;25;21;23;21;32;19;18;29;27;25;24;25;24;404
352410 Ituverava;18;20;20;18;17;26;17;26;21;30;22;19;22;23;16;21;10;20;17;383
352420 Jaborandi;3;3;1;-;1;3;6;4;3;2;-;-;4;3;-;6;3;3;3;48
352430 Jaboticabal;40;50;43;43;47;43;46;46;50;40;41;34;22;46;48;26;42;48;43;798
352440 Jacareí;183;230;193;173;186;197;174;160;165;143;108;119;112;132;119;141;148;148;133;2964
352450 Jaci;2;-;2;2;1;7;4;5;-;5;4;2;3;5;3;1;3;3;8;60
352460 Jacupiranga;14;20;19;13;12;16;14;16;13;9;8;8;12;13;10;9;11;10;15;242
352470 Jaguariúna;17;35;14;18;27;29;25;24;29;17;29;20;35;22;30;19;29;17;19;455
352480 Jales;32;30;25;31;33;35;23;29;37;27;13;10;27;32;33;24;31;24;40;536
352490 Jambeiro;4;5;1;5;4;1;2;8;5;2;4;7;4;2;1;2;5;2;4;68
352500 Jandira;84;110;92;114;89;95;71;84;59;80;89;61;53;45;40;57;65;57;55;1400
352510 Jardinópolis;21;19;15;16;9;24;19;17;23;20;17;21;17;19;20;25;23;24;24;373
352520 Jarinu;23;21;13;10;13;16;19;11;24;16;17;20;17;15;17;26;16;20;22;336
352530 Jaú;66;67;54;72;48;53;60;45;70;80;66;62;82;66;72;80;60;61;74;1238
352540 Jeriquara;3;-;4;4;3;4;4;2;5;1;2;-;3;3;1;1;4;1;-;45
352550 Joanópolis;7;7;5;5;7;6;4;7;9;10;6;6;10;7;11;12;9;3;9;140
352560 João Ramalho;3;4;2;2;-;2;2;2;-;2;2;2;3;3;1;1;1;2;1;35
352570 José Bonifácio;24;16;19;17;12;21;14;16;19;25;12;18;15;19;22;23;20;19;25;356
352580 Júlio Mesquita;1;4;2;5;5;6;2;1;4;2;3;4;2;3;3;-;9;3;4;63
352585 Jumirim;-;2;-;1;1;1;1;-;1;4;2;1;1;-;1;1;3;-;3;23
352590 Jundiaí;235;277;254;230;209;257;226;214;217;202;224;186;198;197;168;200;194;201;197;4086
352600 Junqueirópolis;8;11;10;5;9;3;4;10;7;5;7;9;11;9;14;9;11;12;12;166
352610 Juquiá;31;28;28;27;14;30;31;17;33;27;34;12;20;23;18;26;19;17;15;450
352620 Juquitiba;45;36;33;44;39;24;45;40;42;52;26;13;30;27;40;33;23;30;19;641
352630 Lagoinha;4;2;-;5;2;6;1;4;3;6;3;3;6;-;6;2;3;8;1;65
352640 Laranjal Paulista;20;21;6;10;10;10;14;11;24;20;15;6;15;15;16;20;10;20;17;280
352650 Lavínia;4;3;4;1;1;-;1;2;4;4;4;-;2;2;7;5;2;3;3;52
352660 Lavrinhas;11;2;8;3;4;5;1;1;5;7;3;7;3;2;2;5;-;5;4;78
352670 Leme;56;46;62;79;53;46;67;60;55;62;70;56;57;58;62;46;54;57;53;1099
352680 Lençóis Paulista;25;24;31;27;28;24;29;18;30;29;27;11;29;30;24;22;18;28;26;480
352690 Limeira;138;142;167;150;174;173;141;194;151;156;161;137;123;128;137;159;164;161;132;2888
352700 Lindóia;8;8;1;6;5;5;3;5;1;4;4;4;3;4;5;2;2;5;1;76
352710 Lins;30;32;47;49;36;35;41;35;53;42;48;50;40;42;46;40;40;38;35;779
352720 Lorena;61;67;68;78;68;80;77;81;59;72;41;43;38;48;49;72;43;36;57;1138
352725 Lourdes;1;1;2;1;1;3;-;1;1;2;-;-;3;-;1;2;2;2;1;24
352730 Louveira;22;10;17;19;21;12;20;20;23;29;17;22;16;21;12;16;14;22;26;359
352740 Lucélia;8;11;13;4;11;10;6;9;11;12;1;10;10;9;8;14;11;10;5;173
352750 Lucianópolis;3;3;1;1;1;4;1;1;-;1;2;2;1;-;4;-;1;1;1;28
352760 Luís Antônio;1;6;4;8;4;1;9;4;6;5;5;6;2;7;2;4;4;5;8;91
352770 Luiziânia;2;1;1;3;2;3;2;2;3;4;3;3;2;5;2;6;11;3;5;63
352780 Lupércio;1;4;7;2;4;1;-;2;-;4;4;-;3;2;4;3;1;5;6;53
352790 Lutécia;1;-;-;2;-;2;1;-;2;1;1;-;1;1;1;-;2;1;3;19
352800 Macatuba;13;35;12;5;9;5;3;11;8;6;9;5;3;11;8;6;8;8;6;171
352810 Macaubal;3;3;5;3;3;10;4;7;2;8;6;1;4;3;8;1;6;7;2;86
352820 Macedônia;1;1;3;2;-;-;3;1;3;4;-;1;-;3;1;2;3;2;-;30
352830 Magda;1;1;2;2;3;1;3;2;2;1;2;3;1;1;-;3;1;3;7;39
352840 Mairinque;38;42;46;34;47;34;48;48;39;47;36;40;30;37;28;25;34;44;31;728
352850 Mairiporã;79;70;80;73;82;66;75;75;62;70;63;59;63;71;52;68;63;53;53;1277
352860 Manduri;6;4;1;2;9;8;6;5;1;7;7;10;4;6;7;10;5;9;8;115
352870 Marabá Paulista;1;1;-;3;3;-;2;3;1;2;1;1;7;2;-;2;2;-;2;33
352880 Maracaí;9;10;14;8;9;11;8;7;5;11;6;1;10;6;7;6;8;11;12;159
352885 Marapoama;2;1;4;2;1;1;-;1;3;1;1;3;-;2;-;1;1;-;3;27
352890 Mariápolis;2;4;2;4;2;2;2;3;-;4;2;2;3;4;1;-;2;2;1;42
352900 Marília;134;118;95;131;110;120;118;128;128;128;120;114;112;120;117;112;139;131;122;2297
352910 Marinópolis;1;1;1;1;2;1;2;-;4;-;-;1;-;-;1;1;2;2;1;21
352920 Martinópolis;12;18;14;10;17;11;17;9;13;22;11;12;18;16;13;13;11;15;23;275
352930 Matão;37;35;43;34;33;47;43;33;45;42;35;47;37;42;35;47;50;41;32;758
352940 Mauá;344;320;335;403;388;378;379;310;314;281;227;239;252;275;184;214;213;210;206;5472
352950 Mendonça;1;5;3;1;4;2;1;2;6;3;-;4;5;3;2;8;4;3;3;60
352960 Meridiano;3;3;3;2;-;-;2;4;2;-;2;1;-;2;3;5;1;-;1;34
352965 Mesópolis;2;-;3;3;1;-;1;-;-;-;-;-;1;-;1;-;2;2;-;16
352970 Miguelópolis;10;11;10;12;10;15;22;17;13;11;8;6;13;8;11;7;10;9;17;220
352980 Mineiros do Tietê;10;8;6;4;8;8;6;4;6;4;5;9;9;6;6;4;5;2;7;117
353000 Mira Estrela;2;1;-;1;3;1;1;2;-;3;1;2;-;1;5;1;2;-;-;26
352990 Miracatu;50;40;33;39;28;37;23;28;36;24;23;14;26;32;17;16;22;17;14;519
353010 Mirandópolis;21;21;9;14;18;9;11;13;13;8;16;11;15;9;18;15;15;8;19;263
353020 Mirante do Paranapanema;6;11;7;11;11;11;11;4;4;12;6;12;9;8;8;13;10;7;13;174
353030 Mirassol;14;26;21;19;23;22;28;27;36;26;30;26;23;33;31;34;30;33;41;523
353040 Mirassolândia;-;4;4;1;2;5;-;4;1;2;2;2;4;3;3;4;2;3;3;49
353050 Mococa;37;35;35;31;24;33;44;29;31;35;45;26;31;38;29;31;33;20;31;618
353060 Mogi das Cruzes;308;262;246;259;205;237;233;253;273;226;188;200;225;185;180;199;238;237;246;4400
353070 Mogi Guaçu;66;88;69;76;81;62;84;104;72;88;63;57;69;62;66;78;79;81;81;1426
353080 Mogi Mirim;51;46;55;68;62;59;62;60;48;38;41;60;31;39;52;32;45;56;48;953
353090 Mombuca;2;3;-;2;1;1;3;6;3;1;4;2;1;1;3;3;3;1;6;46
353100 Monções;2;-;1;-;1;3;6;-;-;1;-;-;-;1;2;-;3;1;4;25
353110 Mongaguá;50;64;71;53;53;49;59;43;35;39;38;27;27;35;42;35;29;45;39;833
353120 Monte Alegre do Sul;5;6;8;1;5;6;6;7;2;2;3;2;7;4;4;3;7;3;2;83
353130 Monte Alto;15;21;30;27;12;19;23;19;20;28;21;18;28;19;19;20;34;35;31;439
353140 Monte Aprazível;8;10;10;11;12;10;6;8;21;14;15;20;13;14;15;11;18;13;8;237
353150 Monte Azul Paulista;12;7;12;12;8;5;15;9;10;15;15;14;9;11;11;9;21;11;12;218
353160 Monte Castelo;4;1;1;2;7;4;3;1;2;3;1;-;3;-;4;1;2;4;3;46
353180 Monte Mor;30;28;40;43;46;54;47;51;41;52;29;29;43;36;42;36;36;38;29;750
353170 Monteiro Lobato;2;4;8;2;-;2;2;2;6;2;2;2;4;2;-;1;2;4;5;52
353190 Morro Agudo;21;13;13;14;10;25;8;15;16;13;21;17;19;15;9;10;9;21;16;285
353200 Morungaba;7;3;7;6;4;9;5;7;12;11;4;2;8;7;11;14;2;2;2;123
353205 Motuca;3;-;-;2;-;1;1;6;3;2;2;1;-;3;-;4;2;5;3;38
353210 Murutinga do Sul;1;3;3;2;1;3;1;-;4;-;-;1;1;4;4;6;2;1;5;42
353215 Nantes;-;-;-;2;-;-;-;-;5;3;-;-;1;2;2;-;-;3;1;19
353220 Narandiba;5;1;-;2;1;1;2;2;-;2;6;2;4;1;4;1;3;2;2;41
353230 Natividade da Serra;7;3;6;10;5;1;4;8;10;5;3;2;8;6;5;6;6;4;5;104
353240 Nazaré Paulista;18;14;6;15;22;19;27;8;22;12;13;2;18;18;10;10;11;12;20;277
353250 Neves Paulista;2;6;2;2;7;5;8;5;6;10;4;4;4;1;2;2;6;5;9;90
353260 Nhandeara;2;7;5;4;4;11;8;5;11;6;8;6;10;8;10;15;12;9;5;146
353270 Nipoã;5;3;6;3;1;3;5;3;1;3;-;5;3;3;1;3;6;2;2;58
353280 Nova Aliança;1;2;3;3;1;3;1;3;1;4;8;2;6;3;6;1;5;11;3;67
353282 Nova Campina;3;3;2;1;6;4;5;5;7;3;3;1;2;4;5;2;3;3;2;64
353284 Nova Canaã Paulista;1;-;2;2;1;2;-;-;-;1;4;-;-;-;-;2;1;3;-;19
353286 Nova Castilho;-;2;-;-;-;-;2;2;2;-;1;-;-;2;2;-;-;-;-;13
353290 Nova Europa;4;2;4;6;3;3;12;4;2;9;4;3;4;7;7;5;5;5;6;95
353300 Nova Granada;15;5;11;10;13;17;16;8;13;15;6;14;8;12;14;14;16;13;15;235
353310 Nova Guataporanga;1;2;1;4;2;1;2;2;4;-;1;-;2;2;-;-;1;1;3;29
353320 Nova Independência;2;2;1;-;-;-;-;1;1;-;2;-;-;2;2;2;1;3;2;21
353330 Nova Luzitânia;2;-;-;2;4;2;1;-;2;-;2;2;3;-;3;-;3;1;4;31
353340 Nova Odessa;40;22;32;23;27;19;22;17;28;24;15;20;22;15;19;20;27;26;24;442
353325 Novais;1;-;1;3;2;3;-;-;2;-;-;-;2;2;1;1;5;2;3;28
353350 Novo Horizonte;23;22;12;23;16;16;17;13;18;29;24;18;35;21;16;29;20;27;20;399
353360 Nuporanga;1;2;7;3;2;5;3;6;3;7;1;2;2;4;2;5;5;5;3;68
353370 Ocauçu;1;2;4;4;1;2;4;2;1;5;-;3;1;6;1;4;-;2;3;46
353380 Óleo;1;1;2;1;7;3;4;2;2;2;3;2;2;3;1;3;4;-;1;44
353390 Olímpia;23;28;26;30;36;27;22;37;29;30;18;34;34;29;22;22;30;31;34;542
353400 Onda Verde;-;3;12;3;2;1;3;4;4;1;-;9;2;3;-;3;3;2;6;61
353410 Oriente;6;6;2;3;3;2;7;3;4;7;5;3;4;7;3;1;5;2;6;79
353420 Orindiúva;1;3;-;1;2;7;4;1;7;3;3;4;3;1;-;3;5;5;4;57
353430 Orlândia;24;16;14;21;23;20;24;18;21;15;24;14;16;28;23;24;15;16;15;371
353440 Osasco;747;745;648;745;709;823;796;694;499;501;450;450;488;453;422;384;381;366;419;10720
353450 Oscar Bressane;1;1;1;-;-;1;1;1;3;3;2;3;3;1;1;1;-;1;1;25
353460 Osvaldo Cruz;21;20;8;19;25;16;22;20;21;14;19;9;16;15;25;17;19;18;12;336
353470 Ourinhos;80;68;78;58;52;49;57;65;69;66;64;37;41;49;41;46;51;46;56;1073
353480 Ouro Verde;3;8;3;4;5;3;5;2;4;3;2;5;1;-;9;5;3;4;4;73
353475 Ouroeste;-;7;3;2;3;2;2;4;3;4;2;2;3;6;5;1;3;6;5;63
353490 Pacaembu;9;8;7;3;8;11;9;6;9;9;9;5;3;9;4;15;12;3;13;152
353500 Palestina;3;5;5;4;8;5;7;4;4;8;2;3;7;11;8;2;8;12;9;115
353510 Palmares Paulista;4;11;-;4;3;7;5;6;5;5;3;6;8;7;9;9;8;7;4;111
353520 Palmeira d'Oeste;4;6;2;5;4;3;8;3;8;5;7;2;3;6;5;11;6;5;6;99
353530 Palmital;12;15;11;16;14;13;11;10;10;27;11;8;10;8;11;11;10;12;16;236
353540 Panorama;12;11;11;13;10;9;12;9;10;3;6;8;10;12;15;20;7;8;7;193
353550 Paraguaçu Paulista;18;22;20;26;31;21;29;30;31;32;17;13;18;23;25;11;39;19;32;457
353560 Paraibuna;21;31;23;22;18;13;11;14;18;20;14;11;16;18;15;12;23;7;13;320
353570 Paraíso;3;5;4;4;3;3;2;4;2;3;4;6;1;7;1;-;5;2;2;61
353580 Paranapanema;6;11;4;4;10;11;6;10;9;15;12;5;13;10;5;7;11;11;12;172
353590 Paranapuã;2;1;1;4;1;-;1;2;2;2;1;1;1;-;1;1;4;7;2;34
353600 Parapuã;18;4;7;4;9;10;4;4;4;11;7;6;10;12;6;18;3;7;6;150
353610 Pardinho;2;1;3;2;2;3;2;5;2;4;1;4;3;9;1;3;6;2;3;58
353620 Pariquera-Açu;11;14;18;13;10;9;22;12;5;16;13;13;7;16;15;19;18;6;12;249
353625 Parisi;1;1;3;2;-;3;-;-;-;2;1;-;-;-;4;-;1;1;1;20
353630 Patrocínio Paulista;4;2;5;9;5;7;10;6;5;7;4;7;4;7;2;9;10;6;2;111
353640 Paulicéia;2;5;8;4;2;3;4;4;2;-;4;1;2;5;4;3;3;4;6;66
353650 Paulínia;41;50;30;35;33;49;39;45;57;35;36;39;32;37;48;48;41;41;47;783
353657 Paulistânia;-;-;-;-;-;1;-;2;-;1;2;-;1;1;-;1;-;3;-;12
353660 Paulo de Faria;6;10;8;4;1;5;8;11;4;4;6;7;5;11;9;2;6;10;4;121
353670 Pederneiras;22;28;14;32;30;28;13;18;26;25;27;34;21;23;27;26;29;24;27;474
353680 Pedra Bela;-;5;3;4;6;2;2;4;2;1;3;6;2;6;1;6;4;5;5;67
353690 Pedranópolis;1;1;-;1;1;-;-;2;3;1;-;-;1;-;2;2;1;2;4;22
353700 Pedregulho;15;11;10;9;9;7;10;13;9;11;10;1;9;14;8;14;7;5;15;187
353710 Pedreira;21;18;18;24;24;24;21;14;23;22;30;24;20;25;23;24;22;18;14;409
353715 Pedrinhas Paulista;2;1;2;-;1;1;1;2;1;2;1;-;-;1;1;1;3;1;2;23
353720 Pedro de Toledo;8;16;2;12;6;7;6;11;13;11;10;4;2;6;11;5;6;6;6;148
353730 Penápolis;35;38;36;25;30;41;33;35;40;48;31;24;23;18;27;31;41;41;34;631
353740 Pereira Barreto;18;25;16;12;12;15;18;14;18;20;15;14;18;19;22;21;12;20;20;329
353750 Pereiras;7;7;3;3;-;3;3;1;6;7;5;5;4;6;2;3;5;7;4;81
353760 Peruíbe;47;54;43;54;58;52;77;64;67;51;56;48;42;52;55;51;58;42;35;1006
353770 Piacatu;2;6;4;3;2;2;3;3;3;6;5;2;5;3;6;6;1;4;2;68
353780 Piedade;26;22;25;25;29;41;33;41;33;38;29;41;45;47;35;34;28;34;42;648
353790 Pilar do Sul;16;8;10;13;15;22;13;16;27;13;11;12;12;17;29;12;17;28;20;311
353800 Pindamonhangaba;73;97;75;87;77;78;93;79;106;74;68;59;88;81;95;81;76;82;97;1566
353810 Pindorama;13;12;7;7;9;6;5;9;10;9;10;7;10;9;12;9;11;9;11;175
353820 Pinhalzinho;8;4;3;7;6;8;10;7;7;10;6;3;10;14;7;13;6;8;11;148
353830 Piquerobi;2;1;-;1;3;3;2;1;-;-;3;1;4;4;1;3;-;4;-;33
353850 Piquete;10;6;8;5;7;7;3;4;9;8;6;3;8;6;8;5;9;5;2;119
353860 Piracaia;20;11;21;12;17;15;15;10;29;18;19;14;16;19;17;19;17;13;18;320
353870 Piracicaba;228;213;227;257;217;195;260;210;247;261;230;232;239;214;227;248;224;243;221;4393
353880 Piraju;17;11;16;10;17;15;18;20;23;12;17;12;18;14;15;14;11;16;23;299
353890 Pirajuí;10;11;11;18;5;16;12;8;16;10;8;5;12;18;13;15;16;10;14;228
353900 Pirangi;4;2;8;6;6;8;9;3;5;6;9;6;4;10;7;11;8;14;13;139
353910 Pirapora do Bom Jesus;18;8;8;9;5;11;11;7;5;12;9;8;11;15;16;13;15;8;9;198
353920 Pirapozinho;11;8;21;10;9;11;14;10;15;16;12;4;12;9;14;20;14;19;18;247
353930 Pirassununga;47;32;41;46;47;53;36;37;51;35;38;53;33;32;29;48;53;50;36;797
353940 Piratininga;6;7;10;12;6;7;13;8;6;5;2;8;7;10;8;12;7;13;3;150
353950 Pitangueiras;23;23;22;25;19;13;24;21;21;16;19;23;11;13;14;14;16;19;25;361
353960 Planalto;4;2;3;1;2;-;-;1;4;3;1;4;5;4;2;3;1;3;3;46
353970 Platina;1;4;3;2;1;-;2;1;1;1;1;1;2;1;-;1;1;4;-;27
353980 Poá;67;67;60;76;73;86;56;83;63;61;79;31;47;44;48;41;55;56;54;1147
353990 Poloni;2;5;3;1;2;5;5;2;6;3;4;3;7;2;4;3;5;3;3;68
354000 Pompéia;8;6;12;8;9;7;9;15;12;6;5;5;9;14;8;8;13;4;10;168
354010 Pongaí;-;1;3;3;4;2;3;1;-;2;1;3;3;1;4;4;6;1;1;43
354020 Pontal;21;24;18;22;20;22;30;40;32;27;19;28;20;19;31;20;26;24;29;472
354025 Pontalinda;1;2;-;-;4;1;-;2;2;3;4;2;4;4;5;2;3;1;3;43
354030 Pontes Gestal;1;1;1;-;2;2;2;1;2;2;-;2;2;5;2;1;3;2;-;31
354040 Populina;1;3;1;5;5;4;2;6;8;-;-;2;2;4;1;2;4;1;1;52
354050 Porangaba;5;6;4;2;2;11;5;6;9;2;7;7;6;5;6;6;6;8;10;113
354060 Porto Feliz;30;25;33;38;26;25;25;21;24;20;33;24;36;28;24;37;31;27;28;535
354070 Porto Ferreira;34;32;31;40;37;34;40;43;29;33;47;32;29;27;32;27;28;19;28;622
354075 Potim;4;6;2;9;7;7;15;7;15;9;10;6;8;9;9;15;17;7;19;181
354080 Potirendaba;7;7;4;4;13;4;12;11;4;6;6;6;5;12;5;14;5;13;13;151
354085 Pracinha;-;-;2;1;1;-;2;2;2;2;-;2;1;1;-;2;1;-;-;19
354090 Pradópolis;8;5;4;9;11;6;12;3;4;11;10;10;14;10;20;13;6;11;9;176
354100 Praia Grande;254;260;266;295;340;273;273;232;192;172;171;174;165;181;160;187;183;166;135;4079
354105 Pratânia;-;5;1;1;4;5;2;7;3;4;-;3;2;6;4;5;2;3;3;60
354110 Presidente Alves;2;-;-;1;-;1;3;3;-;1;1;-;1;1;-;-;2;2;2;20
354120 Presidente Bernardes;11;9;6;14;18;4;12;12;6;11;4;5;7;9;3;4;5;7;7;154
354130 Presidente Epitácio;26;36;20;34;47;28;21;25;28;19;21;22;27;26;26;26;19;27;16;494
354140 Presidente Prudente;122;131;123;115;110;115;112;120;138;143;100;92;116;123;131;122;116;137;128;2294
354150 Presidente Venceslau;27;27;19;24;15;16;16;21;26;28;23;9;16;18;21;24;14;31;14;389
354160 Promissão;23;23;10;30;22;10;11;21;18;23;23;11;15;19;26;18;22;23;16;364
354165 Quadra;-;3;1;2;1;3;2;-;1;4;1;4;-;3;-;5;1;6;4;41
354170 Quatá;9;8;2;5;6;6;6;3;8;9;6;9;6;8;10;3;5;5;2;116
354180 Queiroz;1;1;-;1;1;-;3;1;1;1;3;1;3;1;2;2;1;1;4;28
354190 Queluz;18;10;12;13;9;5;2;7;6;5;7;2;5;6;2;2;6;7;6;130
354200 Quintana;3;5;2;1;1;8;2;2;5;4;1;1;5;1;1;4;3;6;5;60
354210 Rafard;6;7;5;2;3;3;5;7;5;6;5;3;5;1;6;2;6;5;4;86
354220 Rancharia;31;13;20;19;11;11;12;11;11;18;9;15;20;17;24;20;17;19;20;318
354230 Redenção da Serra;8;8;3;4;4;2;8;1;3;-;5;2;1;3;3;-;3;5;2;65
354240 Regente Feijó;12;16;9;14;12;7;8;9;12;11;12;7;6;16;12;5;17;12;13;210
354250 Reginópolis;5;5;1;5;3;2;3;3;4;2;2;4;2;4;3;5;6;5;7;71
354260 Registro;67;53;53;55;49;47;42;49;41;62;42;33;39;31;44;32;30;41;35;845
354270 Restinga;4;7;1;3;7;-;4;3;10;5;5;1;3;2;6;7;1;4;4;77
354280 Ribeira;4;-;7;3;5;2;1;-;1;3;1;8;3;6;5;1;3;5;3;61
354290 Ribeirão Bonito;2;4;5;2;5;5;7;3;3;6;13;13;8;6;5;3;10;12;10;122
354300 Ribeirão Branco;11;17;9;10;9;12;18;7;15;12;10;15;10;14;10;18;10;13;11;231
354310 Ribeirão Corrente;1;-;1;3;4;1;2;3;1;2;2;2;2;-;1;5;2;3;-;35
354320 Ribeirão do Sul;2;5;1;6;1;5;2;4;3;3;2;3;3;3;4;4;-;1;1;53
354323 Ribeirão dos Índios;-;1;-;1;2;-;-;-;1;1;-;1;-;-;-;6;1;1;2;17
354325 Ribeirão Grande;3;1;4;1;1;4;3;1;4;1;2;4;2;4;4;3;3;6;4;55
354330 Ribeirão Pires;92;71;66;95;79;73;71;74;64;61;65;74;59;79;55;58;60;67;84;1347
354340 Ribeirão Preto;505;495;439;492;473;409;445;308;290;316;295;327;345;398;407;387;478;444;464;7717
354360 Rifaina;5;-;5;3;6;2;3;1;4;3;2;-;8;5;3;3;4;3;1;61
354370 Rincão;8;4;8;7;7;5;5;4;1;3;5;6;4;3;8;5;4;5;5;97
354380 Rinópolis;5;4;6;16;13;5;6;2;3;4;3;7;8;7;4;8;12;6;6;125
354390 Rio Claro;119;137;127;109;127;144;183;145;157;116;114;93;97;106;108;119;110;120;129;2360
354400 Rio das Pedras;9;15;20;17;16;13;25;18;25;15;14;16;16;21;18;25;15;16;22;336
354410 Rio Grande da Serra;32;34;43;50;35;30;32;16;31;33;14;23;22;27;14;22;21;27;20;526
354420 Riolândia;2;3;2;4;3;4;4;4;7;5;4;6;6;5;4;1;15;5;9;93
354350 Riversul;4;5;7;7;4;2;3;7;3;4;2;4;3;-;4;3;3;1;4;70
354425 Rosana;11;10;7;17;12;25;11;13;8;16;15;12;7;9;16;11;25;10;20;255
354430 Roseira;8;4;4;8;1;3;3;5;7;6;5;4;5;6;6;4;10;10;3;102
354440 Rubiácea;-;1;1;-;2;1;1;-;-;4;1;-;4;2;2;2;1;2;-;24
354450 Rubinéia;-;3;2;3;1;3;2;2;1;1;3;2;4;1;2;3;3;4;1;41
354460 Sabino;2;3;6;1;4;1;4;3;4;1;1;2;2;6;7;3;8;4;6;68
354470 Sagres;-;2;-;1;-;-;2;1;-;1;1;1;-;-;-;-;1;-;1;11
354480 Sales;6;5;7;3;1;6;1;3;7;7;2;7;5;4;6;6;4;4;6;90
354490 Sales Oliveira;5;8;2;5;5;1;7;6;6;5;3;6;-;4;3;5;7;7;5;90
354500 Salesópolis;9;11;9;15;14;10;3;13;7;12;10;11;9;14;11;6;10;5;8;187
354510 Salmourão;2;-;2;1;3;1;3;-;6;3;4;1;-;3;1;3;3;1;2;39
354515 Saltinho;3;2;6;2;3;1;6;5;3;4;2;3;6;5;5;6;3;3;2;70
354520 Salto;63;64;71;64;52;57;65;99;85;70;59;60;61;63;51;53;72;65;63;1237
354530 Salto de Pirapora;23;26;28;20;16;20;23;26;26;24;23;28;26;27;26;22;26;36;15;461
354540 Salto Grande;6;8;7;10;6;9;7;11;10;9;5;2;6;2;9;6;3;3;3;122
354550 Sandovalina;2;4;2;-;2;2;3;3;1;-;1;-;1;2;4;2;2;2;-;33
354560 Santa Adélia;10;13;6;11;8;5;10;9;8;9;13;6;7;12;4;12;9;9;11;172
354570 Santa Albertina;1;4;2;5;2;1;3;3;2;4;1;1;5;4;3;3;6;7;5;62
354580 Santa Bárbara d'Oeste;90;105;105;105;111;105;120;93;114;126;91;94;98;83;79;96;101;86;76;1878
354600 Santa Branca;12;14;9;6;9;9;3;3;6;5;10;5;7;11;6;7;7;9;13;151
354610 Santa Clara d'Oeste;-;1;-;-;1;-;-;2;1;3;1;-;-;1;2;-;-;1;-;13
354620 Santa Cruz da Conceição;4;4;3;4;3;1;2;1;2;2;4;1;1;1;1;1;1;3;3;42
354625 Santa Cruz da Esperança;-;1;-;-;-;-;1;1;2;2;2;1;1;-;4;-;-;1;1;17
354630 Santa Cruz das Palmeiras;15;16;21;25;15;8;19;21;10;24;12;16;23;25;14;17;15;14;14;324
354640 Santa Cruz do Rio Pardo;28;23;20;39;25;24;29;24;18;20;23;16;27;19;19;17;29;17;22;439
354650 Santa Ernestina;6;3;1;2;8;5;3;1;3;-;1;4;3;6;1;5;6;2;2;62
354660 Santa Fé do Sul;19;14;16;23;24;12;16;4;15;12;10;10;15;9;10;21;11;22;26;289
354670 Santa Gertrudes;12;7;11;4;14;6;9;10;9;13;13;8;9;15;14;14;13;6;7;194
354680 Santa Isabel;38;31;40;32;25;28;37;39;31;28;24;30;20;27;25;34;26;25;39;579
354690 Santa Lúcia;5;2;1;1;4;5;2;6;5;7;3;4;5;4;5;4;6;3;6;78
354700 Santa Maria da Serra;5;7;3;4;4;8;5;4;7;7;10;5;3;3;4;5;7;6;2;99
354710 Santa Mercedes;-;2;1;2;5;1;1;1;1;-;1;1;3;1;1;3;2;-;1;27
354740 Santa Rita d'Oeste;1;2;3;1;-;3;1;3;2;1;-;-;3;1;1;1;-;-;1;24
354750 Santa Rita do Passa Quatro;21;17;13;15;14;27;14;12;16;17;11;19;20;12;15;18;24;14;14;313
354760 Santa Rosa de Viterbo;8;13;11;10;13;15;9;12;6;6;10;8;8;10;9;15;14;12;11;200
354765 Santa Salete;-;1;-;-;-;1;-;-;-;2;-;-;-;-;1;1;-;-;1;7
354720 Santana da Ponte Pensa;2;2;-;-;-;1;-;3;1;-;1;-;2;-;-;3;-;-;-;15
354730 Santana de Parnaíba;43;58;66;65;51;55;66;61;61;73;59;40;45;32;54;49;55;56;56;1045
354770 Santo Anastácio;11;16;12;15;7;11;9;11;14;12;8;12;8;11;14;13;12;20;7;223
354780 Santo André;611;585;542;593;614;550;519;509;496;407;417;352;394;399;389;385;392;400;462;9016
354790 Santo Antônio da Alegria;5;10;10;5;4;2;3;3;1;4;5;2;4;2;2;2;6;7;3;80
354800 Santo Antônio de Posse;15;8;11;13;15;22;13;16;19;20;13;13;19;12;16;23;14;15;12;289
354805 Santo Antônio do Aracanguá;3;4;2;6;1;4;-;4;-;6;5;3;1;5;3;5;7;5;4;68
354810 Santo Antônio do Jardim;4;4;3;4;4;3;3;3;3;7;2;3;9;3;4;2;5;3;5;74
354820 Santo Antônio do Pinhal;7;1;5;8;1;7;5;2;2;5;6;1;6;5;3;1;1;4;2;72
354830 Santo Expedito;1;2;-;3;2;3;1;-;3;1;1;2;4;3;2;2;1;4;2;37
354840 Santópolis do Aguapeí;-;4;3;-;5;3;3;3;1;2;2;5;5;3;3;4;-;3;5;54
354850 Santos;390;405;419;407;342;342;280;283;275;265;243;197;205;213;225;237;235;232;210;5405
354860 São Bento do Sapucaí;7;3;8;6;7;8;6;4;3;7;6;1;4;7;5;6;3;7;4;102
354870 São Bernardo do Campo;715;684;700;741;710;572;532;563;540;459;418;396;389;412;376;387;384;376;427;9781
354880 São Caetano do Sul;95;97;92;79;85;70;89;83;85;67;65;57;70;55;58;57;41;59;50;1354
354890 São Carlos;142;120;106;116;111;129;110;113;111;107;90;148;106;117;116;123;160;137;139;2301
354900 São Francisco;2;2;-;1;-;1;1;2;2;2;3;-;3;-;2;2;4;1;3;31
354910 São João da Boa Vista;39;40;38;48;67;48;50;39;38;47;48;54;45;50;43;41;37;57;54;883
354920 São João das Duas Pontes;1;-;1;-;3;1;3;4;1;3;1;2;1;2;1;2;1;-;2;29
354925 São João de Iracema;-;-;1;-;-;-;-;1;-;4;-;2;2;-;2;-;3;1;1;17
354930 São João do Pau d'Alho;1;-;1;-;-;-;-;-;-;2;2;-;1;2;1;1;-;3;1;15
354940 São Joaquim da Barra;19;21;22;24;27;22;20;21;31;25;28;17;18;17;23;19;27;15;17;413
354950 São José da Bela Vista;3;-;3;2;7;4;3;9;3;6;3;3;5;7;10;5;1;2;5;81
354960 São José do Barreiro;1;1;1;1;2;1;3;7;4;4;2;1;2;3;2;4;-;2;2;43
354970 São José do Rio Pardo;31;26;28;25;29;28;29;26;29;28;31;21;19;22;28;27;27;28;25;507
354980 São José do Rio Preto;235;199;207;221;259;255;250;254;215;254;198;211;195;200;243;256;268;250;263;4433
354990 São José dos Campos;571;541;571;537;561;577;496;464;426;334;360;330;321;326;319;347;357;292;352;8082
354995 São Lourenço da Serra;18;30;18;13;20;8;8;13;14;11;21;12;15;10;13;11;13;7;17;272
355000 São Luís do Paraitinga;13;13;8;6;4;1;8;7;7;7;9;2;1;6;3;11;7;5;6;124
355010 São Manuel;28;28;23;24;24;19;30;24;19;19;22;18;30;16;25;25;30;27;25;456
355020 São Miguel Arcanjo;15;18;13;12;16;23;26;14;18;16;20;17;21;12;8;19;23;20;24;335
355030 São Paulo;11208;10582;10391;11099;10315;10262;9907;8905;8059;7119;6920;6601;6251;6216;6417;6220;6568;6183;6466;155689
355040 São Pedro;16;17;14;32;12;25;31;20;24;19;26;20;19;15;18;20;18;26;21;393
355050 São Pedro do Turvo;3;7;7;7;1;2;3;4;5;3;5;1;1;1;2;2;3;4;6;67
355060 São Roque;57;43;76;53;58;52;58;42;62;45;56;49;46;59;44;57;50;63;56;1026
355070 São Sebastião;61;52;72;71;55;86;82;88;76;64;68;69;62;52;58;49;53;64;70;1252
355080 São Sebastião da Grama;10;13;2;9;11;5;6;6;7;9;4;3;5;8;10;7;8;10;4;137
355090 São Simão;12;13;11;8;14;16;13;7;9;6;7;8;10;4;5;7;8;9;9;176
355100 São Vicente;322;334;333;366;324;318;335;231;251;213;201;175;184;208;196;203;212;193;208;4807
355110 Sarapuí;3;3;5;3;3;3;2;6;5;7;11;5;10;4;6;18;7;6;9;116
355120 Sarutaiá;1;5;1;4;1;-;5;2;2;2;3;1;2;2;5;1;3;-;2;42
355130 Sebastianópolis do Sul;5;4;-;-;3;2;4;-;2;1;3;1;2;1;-;2;-;2;4;36
355140 Serra Azul;7;8;4;5;9;2;9;3;6;9;3;5;9;14;13;10;4;6;12;138
355160 Serra Negra;10;16;11;14;15;14;21;22;21;12;11;10;19;15;16;21;10;10;9;277
355150 Serrana;29;29;25;21;18;26;20;22;19;25;30;14;14;21;20;16;23;19;27;418
355170 Sertãozinho;67;76;57;61;68;85;83;64;53;60;45;53;62;45;57;62;51;73;73;1195
355180 Sete Barras;16;9;11;14;11;19;13;6;11;16;13;3;14;11;6;7;9;9;12;210
355190 Severínia;9;10;8;11;7;4;13;8;13;7;8;7;11;11;7;8;9;7;8;166
355200 Silveiras;3;3;2;6;3;5;2;1;2;2;5;1;2;5;1;4;3;1;2;53
355210 Socorro;18;27;18;22;19;22;25;19;19;19;20;16;21;19;24;25;16;19;19;387
355220 Sorocaba;307;295;354;349;344;369;378;370;348;372;373;313;336;310;358;322;330;373;375;6576
355230 Sud Mennucci;8;2;2;2;2;5;3;2;9;1;7;2;6;6;3;6;2;6;4;78
355240 Sumaré;168;211;191;213;208;216;178;195;183;154;121;146;122;163;142;155;144;160;155;3225
355255 Suzanápolis;1;2;-;3;-;3;1;4;1;-;2;1;6;2;3;3;4;-;2;38
355250 Suzano;200;227;209;207;190;209;213;224;197;188;215;175;186;217;166;149;160;145;156;3633
355260 Tabapuã;9;3;6;6;6;5;4;3;9;12;5;5;9;9;10;10;10;10;7;138
355270 Tabatinga;11;11;4;14;10;5;26;8;9;16;8;2;9;12;10;5;11;9;8;188
355280 Taboão da Serra;287;238;223;276;258;298;270;282;206;196;170;149;154;165;141;149;176;146;152;3936
355290 Taciba;3;1;3;3;1;3;4;2;5;3;4;1;-;1;4;5;1;1;2;47
355300 Taguaí;3;1;7;5;4;5;5;4;4;1;1;3;5;2;7;6;7;5;5;80
355310 Taiaçu;3;6;5;3;2;3;-;1;3;1;2;1;3;6;-;9;7;1;3;59
355320 Taiúva;1;2;8;4;5;4;2;5;7;4;-;4;5;6;5;4;3;1;6;76
355330 Tambaú;12;9;11;19;10;16;14;16;13;13;14;13;10;17;11;12;10;9;11;240
355340 Tanabi;16;8;17;16;7;11;11;17;14;8;18;10;14;23;16;16;17;21;19;279
355350 Tapiraí;7;8;9;4;6;8;8;8;10;5;8;4;7;7;6;12;4;3;7;131
355360 Tapiratiba;4;6;8;6;4;6;8;7;1;10;2;6;11;3;6;11;2;7;6;114
355365 Taquaral;-;1;-;4;3;-;1;-;13;2;4;2;1;3;1;1;4;2;3;45
355370 Taquaritinga;39;23;29;25;20;25;32;28;40;26;29;20;31;36;25;34;29;23;36;550
355380 Taquarituba;15;11;18;13;13;10;16;23;19;18;9;12;12;9;8;10;22;18;22;278
355385 Taquarivaí;4;4;4;1;2;3;5;6;2;1;3;5;2;5;4;4;2;3;2;62
355390 Tarabai;4;2;6;4;8;3;2;4;4;3;2;4;5;8;2;3;7;4;6;81
355395 Tarumã;10;4;8;6;3;5;6;6;7;4;10;5;7;8;11;5;5;5;7;122
355400 Tatuí;64;76;53;54;68;80;63;93;87;95;75;70;69;63;55;55;69;79;72;1340
355410 Taubaté;168;211;173;168;170;150;180;169;202;186;177;153;165;149;139;169;182;152;153;3216
355420 Tejupá;2;1;2;1;1;2;2;3;6;4;3;6;2;3;2;6;2;-;1;49
355430 Teodoro Sampaio;19;13;17;19;20;13;14;9;8;13;9;20;7;15;17;16;11;11;12;263
355440 Terra Roxa;4;1;4;4;2;1;3;4;3;4;6;3;1;4;5;2;6;2;4;63
355450 Tietê;23;23;10;20;19;16;17;20;22;23;30;24;13;22;24;22;26;20;10;384
355460 Timburi;3;2;2;2;4;3;-;2;-;2;1;-;2;1;-;1;-;3;2;30
355465 Torre de Pedra;-;1;-;2;1;2;2;2;3;4;1;-;4;2;2;-;1;-;3;30
355470 Torrinha;4;2;6;1;2;3;7;3;1;5;3;5;12;8;9;8;3;2;6;90
355475 Trabiju;-;1;-;-;-;-;1;-;2;-;-;1;-;1;-;-;1;1;-;8
355480 Tremembé;18;19;19;21;21;25;16;29;22;20;18;15;23;12;27;26;22;19;28;400
355490 Três Fronteiras;7;1;2;2;3;2;3;1;5;5;3;3;6;2;4;5;2;8;10;74
355495 Tuiuti;4;1;-;1;2;2;3;4;4;3;2;4;7;5;4;8;6;6;2;68
355500 Tupã;44;46;45;33;38;37;43;49;43;36;33;29;48;46;43;38;31;34;45;761
355510 Tupi Paulista;5;6;6;3;8;10;4;6;6;5;4;9;8;10;5;9;14;12;5;135
355520 Turiúba;1;2;1;2;-;2;4;-;-;1;1;3;-;-;3;3;1;1;1;26
355530 Turmalina;2;1;3;2;-;-;2;-;2;1;1;-;1;2;2;2;1;2;2;26
355535 Ubarana;2;1;-;2;4;2;3;3;3;2;2;4;3;4;2;2;4;4;1;48
355540 Ubatuba;71;66;62;52;80;60;74;70;57;53;67;68;42;68;39;61;59;49;49;1147
355550 Ubirajara;2;-;-;2;2;1;5;2;2;2;2;2;2;4;3;3;2;3;3;42
355560 Uchoa;3;3;3;7;3;2;7;3;5;4;14;4;3;4;5;3;6;7;11;97
355570 União Paulista;1;2;1;-;-;-;-;-;-;-;1;-;1;1;-;1;3;-;-;11
355580 Urânia;5;4;8;10;5;7;2;5;9;9;6;2;3;8;10;8;3;4;3;111
355590 Uru;-;-;-;1;-;-;1;-;1;1;-;1;1;-;1;1;-;2;-;10
355600 Urupês;9;10;8;6;6;6;7;9;2;7;10;11;8;8;8;13;9;5;12;154
355610 Valentim Gentil;9;6;4;5;4;6;4;5;9;8;7;4;9;6;5;12;10;8;14;135
355620 Valinhos;42;49;50;47;39;45;55;52;49;41;33;43;48;42;31;34;46;38;32;816
355630 Valparaíso;9;5;8;8;8;15;15;12;12;11;7;11;4;17;13;16;9;13;16;209
355635 Vargem;5;7;4;9;6;-;7;4;6;2;7;4;1;9;4;10;7;9;8;109
355640 Vargem Grande do Sul;21;24;19;18;25;23;23;23;20;19;32;15;19;13;19;22;18;13;19;385
355645 Vargem Grande Paulista;28;23;30;26;34;33;30;42;23;44;10;19;21;12;29;21;17;22;19;483
355650 Várzea Paulista;65;66;63;49;64;69;58;79;63;49;51;36;51;55;63;40;55;56;55;1087
355660 Vera Cruz;10;8;10;7;11;9;7;9;2;7;6;9;9;5;7;5;9;8;5;143
355670 Vinhedo;30;29;18;21;30;18;22;31;31;28;20;31;27;21;21;30;32;25;25;490
355680 Viradouro;6;5;7;9;16;12;15;10;9;6;7;7;12;13;12;11;13;12;7;189
355690 Vista Alegre do Alto;9;2;6;5;1;2;3;1;4;2;6;2;1;5;3;2;3;7;3;67
355695 Vitória Brasil;-;3;1;1;1;2;1;1;1;3;-;-;-;3;1;2;1;1;2;24
355700 Votorantim;65;58;66;59;49;63;80;62;82;70;50;75;58;53;55;66;73;55;56;1195
355710 Votuporanga;51;49;39;53;40;49;38;55;36;39;41;34;45;61;61;53;78;69;55;946
355715 Zacarias;1;1;1;1;-;1;-;-;1;2;1;-;-;1;1;3;2;3;2;21
350000 Município ignorado - SP;17;47;27;30;1608;1575;637;1289;1066;1011;313;250;290;404;356;380;397;371;387;10455
;;;;;;;;;;;;;;;;;;;;
;;;;;;;;;;;;;;;;;;;;
;;;;;;;;;;;;;;;;;;;;
;;;;;;;;;;;;;;;;;;;;
 ;;;;;;;;;;;;;;;;;;;;
;;;;;;;;;;;;;;;;;;;;
;;;;;;;;;;;;;;;;;;;;
;;;;;;;;;;;;;;;;;;;;
 ;;;;;;;;;;;;;;;;;;;;
